{"token":{"type":"oAuthSetting","oAuthSettings":{"identityProvider":"aad","scopes":["chat"],"redirectMode":"Global","customParameters":{"LoginUri":{"value":"https://login.microsoftonline.com"},"TenantId":{"value":"@environmentVariables(\"mskk_PowerAIChatSampleAPITennantID\")"},"ResourceUri":{"value":"@environmentVariables(\"mskk_PowerAIChatSampleAPIClientID\")"},"EnableOnbehalfOfLogin":{"value":false}},"clientId":"@environmentVariables(\"mskk_PowerAIChatSampleAPIClientID\")","clientSecret":"@environmentVariables(\"mskk_PowerAIChatSampleAPIClientSecret\")"},"uiDefinition":null}}