<environmentvariabledefinition schemaname="mskk_PowerAIChatSampleAPIBaseURL">
  <defaultvalue>api</defaultvalue>
  <description default="APIのベースURL">
    <label description="APIのベースURL" languagecode="1033" />
    <label description="APIのベースURL" languagecode="1041" />
  </description>
  <displayname default="Power AI Chat Sample API Base URL">
    <label description="Power AI Chat Sample API Base URL" languagecode="1033" />
    <label description="Power AI Chat Sample API Base URL" languagecode="1041" />
  </displayname>
  <introducedversion>1.0.0.0</introducedversion>
  <iscustomizable>1</iscustomizable>
  <isrequired>0</isrequired>
  <secretstore>0</secretstore>
  <type>100000000</type>
</environmentvariabledefinition>