<environmentvariabledefinition schemaname="mskk_PowerAIChatSampleAPIClientSecret">
  <description default="クライアントシークレット">
    <label description="クライアントシークレット" languagecode="1033" />
    <label description="クライアントシークレット" languagecode="1041" />
  </description>
  <displayname default="Power AI Chat Sample API Client Secret">
    <label description="Power AI Chat Sample API Client Secret" languagecode="1033" />
    <label description="Power AI Chat Sample API Client Secret" languagecode="1041" />
  </displayname>
  <introducedversion>1.0.0.0</introducedversion>
  <iscustomizable>1</iscustomizable>
  <isrequired>0</isrequired>
  <secretstore>0</secretstore>
  <type>100000005</type>
</environmentvariabledefinition>