<environmentvariabledefinition schemaname="mskk_PowerAIChatSampleAPIHostName">
  <description default="APIのホスト名">
    <label description="APIのホスト名" languagecode="1033" />
    <label description="APIのホスト名" languagecode="1041" />
  </description>
  <displayname default="Power AI Chat Sample API Host Name">
    <label description="Power AI Chat Sample API Host Name" languagecode="1033" />
    <label description="Power AI Chat Sample API Host Name" languagecode="1041" />
  </displayname>
  <introducedversion>1.0.0.0</introducedversion>
  <iscustomizable>1</iscustomizable>
  <isrequired>0</isrequired>
  <secretstore>0</secretstore>
  <type>100000000</type>
</environmentvariabledefinition>