<environmentvariabledefinition schemaname="mskk_PowerAIChatSampleAPIClientID">
  <description default="アプリケーション(クライアント)ID">
    <label description="アプリケーション(クライアント)ID" languagecode="1033" />
    <label description="アプリケーション(クライアント)ID" languagecode="1041" />
  </description>
  <displayname default="Power AI Chat Sample API Client ID">
    <label description="Power AI Chat Sample API Client ID" languagecode="1033" />
    <label description="Power AI Chat Sample API Client ID" languagecode="1041" />
  </displayname>
  <introducedversion>1.0.0.0</introducedversion>
  <iscustomizable>1</iscustomizable>
  <isrequired>0</isrequired>
  <secretstore>0</secretstore>
  <type>100000000</type>
</environmentvariabledefinition>