<environmentvariabledefinition schemaname="mskk_PowerAIChatSampleAPITennantID">
  <description default="テナントID">
    <label description="テナントID" languagecode="1033" />
    <label description="テナントID" languagecode="1041" />
  </description>
  <displayname default="Power AI Chat Sample API Tennant ID">
    <label description="Power AI Chat Sample API Tennant ID" languagecode="1033" />
    <label description="Power AI Chat Sample API Tennant ID" languagecode="1041" />
  </displayname>
  <introducedversion>1.0.0.0</introducedversion>
  <iscustomizable>1</iscustomizable>
  <isrequired>0</isrequired>
  <secretstore>0</secretstore>
  <type>100000000</type>
</environmentvariabledefinition>